{"temperatures": [0.0, 0.2, 0.2947368421052632, 0.3894736842105263, 0.4842105263157895, 0.5789473684210527, 0.6736842105263159, 0.7684210526315789, 0.8631578947368421, 0.9578947368421054, 1.0526315789473684, 1.1473684210526316, 1.2421052631578948, 1.3368421052631578, 1.431578947368421, 1.5263157894736843, 1.6210526315789473, 1.7157894736842105, 1.8105263157894738, 1.9052631578947368, 2.0, 2.0, 2.0357142857142856, 2.0714285714285716, 2.107142857142857, 2.142857142857143, 2.1785714285714284, 2.2142857142857144, 2.25, 2.2857142857142856, 2.321428571428571, 2.357142857142857, 2.392857142857143, 2.4285714285714284, 2.4642857142857144, 2.5, 2.5, 2.607142857142857, 2.7142857142857144, 2.821428571428571, 2.9285714285714284, 3.0357142857142856, 3.142857142857143, 3.25, 3.357142857142857, 3.4642857142857144, 3.571428571428571, 3.678571428571429, 3.7857142857142856, 3.892857142857143, 4.0], "frequencies": [0.0, 0.01, 0.02, 0.05], "magnetizations": [[2500.0, 2500.0, 2500.0, 2500.0, 2500.0, 2500.0, 2500.0, 2500.0, 2499.5199999999995, 2498.88, 2498.16, 2494.8, 2492.4800000000005, 2491.44, 2479.2, 2471.44, 2450.8, 2433.04, 2407.68, 2379.68, 2338.3199999999997, 2337.6000000000004, 2307.9999999999995, 2303.4399999999996, 2274.1600000000003, 2234.88, 2203.3599999999997, 2189.3599999999997, 2155.92, 2106.16, 2097.2, 2047.2, 1992.0800000000004, 1947.28, 1885.2800000000002, 1782.48, 1796.2399999999998, 1577.7599999999998, 1425.1200000000001, 1192.8, 955.8399999999999, 831.9199999999998, 685.6, 607.52, 506.64000000000004, 466.32, 359.6, 328.64, 289.12, 285.2, 246.96000000000004], [2500.0, 2500.0, 2500.0, 2500.0, 2500.0, 2499.996815286624, 2499.9687898089173, 2499.836305732484, 2499.4866242038215, 2498.6757961783437, 2497.2490445859867, 2494.5738853503185, 2490.3751592356684, 2483.9477707006367, 2474.686624203822, 2461.7063694267517, 2443.2585987261145, 2418.4356687898085, 2381.484076433121, 2299.392356687898, 1936.4146496815288, 1898.9095541401275, 1660.1656050955414, 1518.4133757961783, 1514.956687898089, 1618.3490445859873, 1647.7828025477706, 1670.6101910828027, 1654.1808917197454, 1635.7566878980892, 1599.9286624203821, 1578.364331210191, 1532.2566878980892, 1482.0312101910827, 1421.4808917197452, 1359.0547770700637, 1355.9668789808918, 1168.196815286624, 969.1745222929936, 790.420382165605, 640.8114649681529, 533.4687898089172, 454.20636942675156, 387.24713375796176, 333.19426751592357, 296.2535031847134, 264.0350318471337, 237.23821656050956, 215.6235668789809, 195.36114649681525, 182.79108280254775], [2500.0, 2500.0, 2500.0, 2500.0, 2500.0, 2499.9910828025477, 2499.971974522293, 2499.871337579618, 2499.4980891719747, 2498.667515923567, 2497.107006369427, 2494.6980891719745, 2490.327388535032, 2484.208917197452, 2474.5184713375793, 2461.3350318471335, 2443.2585987261145, 2419.2547770700635, 2381.723566878981, 2317.12101910828, 2178.1961783439488, 2183.515923566879, 2107.8547770700634, 1858.5121019108278, 1490.076433121019, 1265.5592356687898, 1207.5834394904462, 1194.9872611464968, 1260.0331210191084, 1295.2585987261148, 1328.1095541401273, 1349.3859872611465, 1315.2445859872612, 1283.6496815286623, 1256.4318471337579, 1227.1872611464967, 1223.6343949044585, 1078.852229299363, 921.6713375796178, 754.8050955414012, 630.3923566878981, 525.0573248407643, 444.09044585987266, 372.3426751592357, 332.56050955414014, 289.4980891719745, 262.3248407643312, 240.56687898089172, 216.66496815286624, 197.72993630573248, 179.5363057324841], [2500.0, 2500.0, 2500.0, 2500.0, 2500.0, 2499.9840000000004, 2499.9584000000004, 2499.8176000000003, 2499.4976, 2498.7136, 2497.2896, 2494.6432, 2490.6816, 2483.7152, 2475.0816, 2460.6464, 2443.9168, 2418.3776, 2384.2784, 2326.9568000000004, 2239.4880000000003, 2226.1728, 2189.1296, 2137.3472, 2002.5824, 1876.6912, 1692.6816, 1325.7184000000002, 1095.0976, 924.1728, 782.1728, 711.2544, 755.8816, 729.1104, 750.992, 736.8608, 746.8576, 718.7295999999999, 695.3727999999999, 624.7648, 545.6128, 476.92479999999995, 413.4112, 358.8160000000001, 315.5872, 290.1536, 259.216, 231.1232, 212.1504, 197.88479999999998, 176.63999999999996]], "magnetization_stds": [[0.0, 0.0, 0.0, 0.0, 0.0, 0.0, 0.0, 0.0, 0.4664761515875897, 0.7756287771865826, 0.40792156108751554, 1.3856406460550756, 1.723252738283032, 1.8347751905888423, 1.6589153082661345, 4.915933278635949, 9.814275317108326, 7.421482331717858, 11.034201375722647, 9.199652167337664, 21.007274930366435, 9.208691546577127, 13.176949571126084, 6.6626121003702785, 11.647076886498143, 17.031547199241793, 10.705064222133343, 20.831668200122593, 15.374576416929415, 40.639370073858146, 26.65933232472259, 57.250048034914386, 13.563244449614551, 34.69953313806972, 28.466288834338794, 54.944568430373565, 25.43899369078893, 77.23443791470223, 80.12566130772339, 68.12600091007842, 100.96386680392146, 55.517579197944116, 99.96191274680574, 73.27467229541188, 51.826541462845086, 68.83180660130898, 59.87239764699589, 22.991615863179344, 49.37523265767971, 32.5512518960485, 59.089951768469064], [0.0, 0.0, 0.0, 0.0, 0.0, 0.004933736746836201, 0.007904250729878666, 0.017857128367976836, 0.03818470009511628, 0.04419299046793937, 0.10761127175509672, 0.1117539475131513, 0.17223853289982463, 0.28053402416733536, 0.2956992220827717, 0.18479462302763644, 0.21627369542104255, 0.8101259838446047, 1.4827294945560592, 20.585231409942892, 87.214920421401, 74.59708848181607, 80.75325515785103, 81.27648694995499, 18.505809103820354, 25.041206869121275, 17.279723873790584, 10.178106308458863, 17.33229202352985, 12.489633918334572, 10.602434699954426, 7.810570839342182, 11.956152157986551, 6.099761066996427, 6.725652005899415, 7.472045187792266, 5.64004326543919, 12.322059529178125, 6.6060608351880425, 4.110774930130266, 5.295697608509914, 5.969268397333085, 5.497784785822289, 5.182796168163972, 7.380509588220644, 1.9431654388119435, 2.519627202223397, 3.2760726540425353, 4.578400217285174, 3.2839386895258182, 2.875491515980704], [0.0, 0.0, 0.0, 0.0, 0.0, 0.0050955414013515105, 0.006495566259363637, 0.050699996795246324, 0.01727982161305976, 0.06193755812048888, 0.19740702174071623, 0.141601969239077, 0.1790069568707855, 0.31551236851799574, 0.31446137896794774, 0.1668060325802835, 0.47872672481258044, 0.8624871785889718, 1.3072981137247712, 13.274231324268483, 14.658531472519005, 28.258471555513054, 17.429435298253875, 86.21124219416212, 143.8332004980061, 118.57915088815574, 49.56511063540451, 18.107835083953105, 34.88657996714105, 40.41330584174446, 25.563917644803936, 22.50748843339784, 17.24696980524939, 18.719583331730263, 10.431782031464286, 3.1038723051937556, 14.285457099972508, 8.24112301596348, 18.572423858747275, 7.644781811987738, 7.913338063489486, 13.102065959960857, 5.381208070704468, 5.171276975959796, 3.942445688556971, 7.56485572041345, 6.536195126223063, 3.9374825606692787, 6.033398061292721, 6.719140371848616, 3.219205319919944], [0.0, 0.0, 0.0, 0.0, 0.0, 0.014310835056066985, 0.012799999999879219, 0.06833330081292206, 0.06681796165699376, 0.08133289617374052, 0.24235643172821267, 0.29544163552216574, 0.43248565294127583, 0.5376952296607599, 0.7884348038994172, 0.7219245389929253, 0.7506984481135276, 1.8968632633903566, 0.9308975453829816, 7.9006528945396886, 13.58439763846744, 21.927880393690607, 9.742150760484057, 15.32714953799308, 49.97629400265692, 138.00262857554563, 139.203694516489, 249.7360713406055, 187.5511871949629, 162.7231082181016, 53.19262928790042, 38.71802123869452, 29.994157681788643, 21.542985137626587, 30.681928075008585, 10.595443065771248, 12.35869083034282, 23.86863590237198, 16.397467589844496, 17.144495074512974, 14.995018351439231, 4.53325377185086, 10.562285328469402, 7.0380360897057095, 3.613300231090684, 13.300505037027724, 16.753413502925312, 14.595253672341574, 7.783506500286361, 8.088074539715867, 12.342806941696852]], "ground_state_magnetization": 2500, "parameters": {"N": 50, "J": 1.0, "H_amp": 0.1, "Tc": 2.269185}}